{"cameraMode":{"drawMode":0,"name":"Shaded","section":"Shading Mode"},"sceneLighting":false,"audioPlay":false,"sceneViewState":{"m_AlwaysRefresh":false,"showFog":true,"showSkybox":false,"showFlares":true,"showImageEffects":true,"showParticleSystems":true,"showVisualEffectGraphs":true,"m_FxEnabled":true},"in2DMode":false,"pivot":{"x":219.99444580078126,"y":37.56001281738281,"z":11.378047943115235},"rotation":{"x":0.10269538313150406,"y":-0.023869210854172708,"z":0.002487129531800747,"w":0.994512677192688},"size":10.32606029510498,"orthographic":false}