{"cameraMode":{"drawMode":0,"name":"Shaded","section":"Shading Mode"},"sceneLighting":true,"audioPlay":false,"sceneViewState":{"m_AlwaysRefresh":true,"showFog":true,"showSkybox":true,"showFlares":true,"showImageEffects":true,"showParticleSystems":true,"showVisualEffectGraphs":true,"m_FxEnabled":true},"in2DMode":false,"pivot":{"x":41.44392776489258,"y":215.72569274902345,"z":-442.7588806152344},"rotation":{"x":-0.026513447985053064,"y":0.1140228733420372,"z":0.0030441845301538707,"w":0.9931334257125855},"size":3.6641592979431154,"orthographic":false}