{"cameraMode":{"drawMode":0,"name":"Shaded","section":"Shading Mode"},"sceneLighting":false,"audioPlay":false,"sceneViewState":{"m_AlwaysRefresh":false,"showFog":true,"showSkybox":false,"showFlares":true,"showImageEffects":true,"showParticleSystems":true,"showVisualEffectGraphs":true,"m_FxEnabled":true},"in2DMode":false,"pivot":{"x":27.361907958984376,"y":23.002777099609376,"z":66.0362548828125},"rotation":{"x":0.14737138152122498,"y":-0.00593689875677228,"z":0.0008668703958392143,"w":0.9891603589057922},"size":4.763139724731445,"orthographic":false}