{"cameraMode":{"drawMode":0,"name":"Shaded","section":"Shading Mode"},"sceneLighting":false,"audioPlay":false,"sceneViewState":{"m_AlwaysRefresh":false,"showFog":true,"showSkybox":false,"showFlares":true,"showImageEffects":true,"showParticleSystems":true,"showVisualEffectGraphs":true,"m_FxEnabled":true},"in2DMode":false,"pivot":{"x":0.004737257957458496,"y":0.3549022674560547,"z":-0.33236372470855715},"rotation":{"x":0.0664488822221756,"y":-0.7734172344207764,"z":0.08221478015184403,"w":0.6251736879348755},"size":0.7626132965087891,"orthographic":false}